CREATE DATABASE ROYALHOTEL
USE ROYALHOTEL
CREATE TABLE USERLOGIN(Users VARCHAR(15) CONSTRAINT USR_UN UNIQUE,Password VARCHAR(15) NOT NULL)
CREATE TABLE EMPLOYEES(ID VARCHAR(6) CONSTRAINT ID_PK PRIMARY KEY,NAME VARCHAR(20) NOT NULL, DESIGNATION VARCHAR(20),ADDRESS VARCHAR(50),TELEPHONE VARCHAR(15),"E-MAIL" VARCHAR(30),FAX VARCHAR(30))
CREATE TABLE ROOMS("ROOM NO" SMALLINT CONSTRAINT RM_PK PRIMARY KEY,"DATE Available" SMALLDATETIME,Category VARCHAR(30),Description VARCHAR(70),Price INT)
CREATE TABLE ROOMINFO("Floor No" SMALLINT NOT NULL,"Room No" SMALLINT FOREIGN KEY REFERENCES ROOMS("ROOM NO"),STATUS VARCHAR(20),"ASSIGNED TO" VARCHAR(30))
CREATE TABLE ROOM_RESERVATION("Conf No" INT IDENTITY(001,1) PRIMARY KEY,"Room No" SMALLINT FOREIGN KEY REFERENCES ROOMS("ROOM NO"),"Check-In Date" SMALLDATETIME, "Check-Out Date" SMALLDATETIME)
CREATE TABLE TOTALPAYMENT("Room No" SMALLINT FOREIGN KEY REFERENCES ROOMS("ROOM NO"), Price INT,"Days of Stay" INT)

INSERT INTO ROOMS VALUES('101','2010-9-15','Executive Suite','Mid-Level Suite','300')
INSERT INTO ROOMS VALUES('102','2011-3-23','Executive Suite','Mid-Level Suite','300')
INSERT INTO ROOMS VALUES('103','2011-4-25','Executive Suite','Mid-Level Suite','300')
INSERT INTO ROOMS VALUES('104','2009-5-8','Executive Suite','Mid-Level Suite','300')
INSERT INTO ROOMS VALUES('105','2011-7-3','Executive Suite','Mid-Level Suite','300')
INSERT INTO ROOMS VALUES('106','2012-2-7','Executive Suite','Mid-Level Suite','300')
INSERT INTO ROOMS VALUES('107','2012-4-3','Presidential Suite','Staters Suite','200')
INSERT INTO ROOMS VALUES('108','2012-3-17','Presidential Suite','Staters Suite','200')
INSERT INTO ROOMS VALUES('109','2011-2-13','Presidential Suite','Staters Suite','200')
INSERT INTO ROOMS VALUES('110','2012-6-3','Presidential Suite','Staters Suite','200')
INSERT INTO ROOMS VALUES('111','2012-5-26','Presidential Suite','Staters Suite','200')
INSERT INTO ROOMS VALUES('112','2012-1-1','Presidential Suite','Staters Suite','200')
INSERT INTO ROOMS VALUES('113','2012-7-28','Luxury Suite','7Star Suite','400')
INSERT INTO ROOMS VALUES('114','2012-8-1','Luxury Suite','7Star Suite','400')
INSERT INTO ROOMS VALUES('115','2011-12-30','Luxury Suite','7Star Suite','400')
INSERT INTO ROOMS VALUES('116','2012-3-19','Luxury Suite','7Star Suite','400')

INSERT INTO ROOMINFO VALUES('1','101','Cleaned','Adachi')
INSERT INTO ROOMINFO VALUES('1','102','Not-Cleaned','Aheam')
INSERT INTO ROOMINFO VALUES('1','103','Cleaned','Daniels')
INSERT INTO ROOMINFO VALUES('1','104','Not-Cleaned','Kim')
INSERT INTO ROOMINFO VALUES('2','105','Cleaned','Morgan')
INSERT INTO ROOMINFO VALUES('2','106','Not-Cleaned','Kim')
INSERT INTO ROOMINFO VALUES('2','107','Cleaned','Mukuji')
INSERT INTO ROOMINFO VALUES('2','108','Not-Cleaned','Smith')
INSERT INTO ROOMINFO VALUES('3','109','Cleaned','Thompson')
INSERT INTO ROOMINFO VALUES('3','110','Not-Cleaned','Taylor')
INSERT INTO ROOMINFO VALUES('3','111','Cleaned','Wright')
INSERT INTO ROOMINFO VALUES('3','112','Not-Cleaned','Lipsey')
INSERT INTO ROOMINFO VALUES('4','113','Cleaned','Smith')
INSERT INTO ROOMINFO VALUES('4','114','Not-Cleaned','Taylor')
INSERT INTO ROOMINFO VALUES('4','115','Cleaned','Lombardo')
INSERT INTO ROOMINFO VALUES('4','114','Not-Cleaned','Morgon')

INSERT INTO EMPLOYEES VALUES('E001','Angela Smith','Executive','16223 Radiance Court','(913)227-2344','angelas@qmail.com','44 532 333')
INSERT INTO EMPLOYEES VALUES('E002','Ben Thompson','HouseKeeping','1 Tread Road','(614)458-3299','benThompson@qmail.com','')
INSERT INTO EMPLOYEES VALUES('E003','Jeremy Wright','HouseKeeping','765 Furling Rd Apt','(785)678-4544','W_jeme@qmail.com','34 562 883')
INSERT INTO EMPLOYEES VALUES('E004','Bob Kane','Manager','5508 Aquiline Court','(785)445-2256','kanebob@qmail.com','67 342 332')
INSERT INTO EMPLOYEES VALUES('E005','Jim Morgan','HouseKeeping','8808 Joviality  Drive','(281)982-5577','morganjim@qmail.com','')
INSERT INTO EMPLOYEES VALUES('E006','Elizabeth Jackson','Vice President','598 Apex Avenue #2','(614)545-9078','elizabethj@qmail.com','')
INSERT INTO EMPLOYEES VALUES('E007','Nathen Lombardo','HouseKeeping','13459 Campton Street','(973)912-7905','lombardo@qmail.com','89 668 753')
INSERT INTO EMPLOYEES VALUES('E008','Jenna Lipsey','HouseKeeping','987 Tetragon Avenue','((702)234-8764','jenna@qmail.com','76 334 532')


INSERT INTO USERLOGIN VALUES('employee','passemp@123')
INSERT INTO USERLOGIN VALUES('frntoffice','passfo@123')
INSERT INTO USERLOGIN VALUES('gm','passgm@123')
INSERT INTO USERLOGIN VALUES('housekeeping','passhk@123')

